[
    {
        "fields": {
            "end_time": "07:00:00",
            "name": "Night",
            "start_time": "17:00:00"
        },
        "model": "backupz.schedule",
        "pk": 1
    },
    {
        "fields": {
            "end_time": "21:00:00",
            "name": "Evening",
            "start_time": "19:00:00"
        },
        "model": "backupz.schedule",
        "pk": 2
    },
    {
        "fields": {
            "end_time": "17:00:00",
            "name": "Daytime",
            "start_time": "08:00:00"
        },
        "model": "backupz.schedule",
        "pk": 3
    },
    {
        "fields": {
            "description": "Fix the permissions of the waystations data after backups.",
            "name": "waystation-z0.sh"
        },
        "model": "backupz.postbackupscript",
        "pk": 1
    },
    {
        "fields": {
            "daily": 8,
            "monthly": 6,
            "weekly": 5,
            "yearly": 0
        },
        "model": "backupz.snapshotstokeep",
        "pk": 1
    },
    {
        "fields": {
            "daily": 7,
            "monthly": 12,
            "weekly": 4,
            "yearly": 0
        },
        "model": "backupz.snapshotstokeep",
        "pk": 2
    },
    {
        "fields": {
            "name": "Archive",
            "value": "--archive"
        },
        "model": "backupz.rsyncoption",
        "pk": 1
    },
    {
        "fields": {
            "name": "One File System",
            "value": "--one-file-system"
        },
        "model": "backupz.rsyncoption",
        "pk": 2
    },
    {
        "fields": {
            "name": "Delete",
            "value": "--delete"
        },
        "model": "backupz.rsyncoption",
        "pk": 3
    },
    {
        "fields": {
            "name": "Timeout (10 hours)",
            "value": "--timeout=36000"
        },
        "model": "backupz.rsyncoption",
        "pk": 4
    },
    {
        "fields": {
            "name": "Timeout (1 hour)",
            "value": "--timeout=3600"
        },
        "model": "backupz.rsyncoption",
        "pk": 5
    },
    {
        "fields": {
            "name": "Global Excludes (Linux)",
            "value": "--exclude-from='/backupz/extras/global.excludes'"
        },
        "model": "backupz.rsyncoption",
        "pk": 6
    },
    {
        "fields": {
            "command": "/usr/bin/rsync",
            "port": 22,
            "rsync_options": [
                1,
                3,
                2,
                5
            ],
            "separator": ":"
        },
        "model": "backupz.transport",
        "pk": 1
    },
    {
        "fields": {
            "name": "Albrecht"
        },
        "model": "backupz.owner",
        "pk": 1
    },
    {
        "fields": {
            "name": "Barnett"
        },
        "model": "backupz.owner",
        "pk": 2
    },
    {
        "fields": {
            "name": "Becker"
        },
        "model": "backupz.owner",
        "pk": 3
    },
    {
        "fields": {
            "name": "Boeshaar"
        },
        "model": "backupz.owner",
        "pk": 4
    },
    {
        "fields": {
            "name": "Bradac"
        },
        "model": "backupz.owner",
        "pk": 5
    },
    {
        "fields": {
            "name": "Carlip"
        },
        "model": "backupz.owner",
        "pk": 6
    },
    {
        "fields": {
            "name": "Chau"
        },
        "model": "backupz.owner",
        "pk": 7
    },
    {
        "fields": {
            "name": "Chertok"
        },
        "model": "backupz.owner",
        "pk": 8
    },
    {
        "fields": {
            "name": "Chiang"
        },
        "model": "backupz.owner",
        "pk": 9
    },
    {
        "fields": {
            "name": "Cox"
        },
        "model": "backupz.owner",
        "pk": 10
    },
    {
        "fields": {
            "name": "Cosmology"
        },
        "model": "backupz.owner",
        "pk": 11
    },
    {
        "fields": {
            "name": "Curro"
        },
        "model": "backupz.owner",
        "pk": 12
    },
    {
        "fields": {
            "name": "Departmental"
        },
        "model": "backupz.owner",
        "pk": 13
    },
    {
        "fields": {
            "name": "Fassnacht"
        },
        "model": "backupz.owner",
        "pk": 14
    },
    {
        "fields": {
            "name": "Fong"
        },
        "model": "backupz.owner",
        "pk": 15
    },
    {
        "fields": {
            "name": "Gunion"
        },
        "model": "backupz.owner",
        "pk": 16
    },
    {
        "fields": {
            "name": "IT"
        },
        "model": "backupz.owner",
        "pk": 17
    },
    {
        "fields": {
            "name": "Kaduwela"
        },
        "model": "backupz.owner",
        "pk": 18
    },
    {
        "fields": {
            "name": "Kiskis"
        },
        "model": "backupz.owner",
        "pk": 19
    },
    {
        "fields": {
            "name": "Lubin"
        },
        "model": "backupz.owner",
        "pk": 20
    },
    {
        "fields": {
            "name": "Pantic"
        },
        "model": "backupz.owner",
        "pk": 21
    },
    {
        "fields": {
            "name": "Pickett"
        },
        "model": "backupz.owner",
        "pk": 22
    },
    {
        "fields": {
            "name": "Richter"
        },
        "model": "backupz.owner",
        "pk": 23
    },
    {
        "fields": {
            "name": "Rundle"
        },
        "model": "backupz.owner",
        "pk": 24
    },
    {
        "fields": {
            "name": "Scalettar"
        },
        "model": "backupz.owner",
        "pk": 25
    },
    {
        "fields": {
            "name": "Singh"
        },
        "model": "backupz.owner",
        "pk": 26
    },
    {
        "fields": {
            "name": "Svoboda"
        },
        "model": "backupz.owner",
        "pk": 27
    },
    {
        "fields": {
            "name": "Terning"
        },
        "model": "backupz.owner",
        "pk": 28
    },
    {
        "fields": {
            "name": "Tripathi"
        },
        "model": "backupz.owner",
        "pk": 29
    },
    {
        "fields": {
            "name": "Tyson"
        },
        "model": "backupz.owner",
        "pk": 30
    },
    {
        "fields": {
            "name": "Zhu"
        },
        "model": "backupz.owner",
        "pk": 31
    },
    {
        "fields": {
            "name": "Zieve"
        },
        "model": "backupz.owner",
        "pk": 32
    },
    {
        "fields": {
            "allowed_days": "0,1,2,3,4,5,6",
            "email_from": "BackupZ <backupz@ucdavis.edu>",
            "email_to": "",
            "enabled": true,
            "expiration_algorithm": 0,
            "frequency": "1 00:00:00",
            "max_concurrent_jobs": 20,
            "over_quota_response": null,
            "owner": null,
            "partial_okay": false,
            "password": "",
            "post_backup_script": null,
            "priority": 0,
            "quota": null,
            "rsync_options": [
                6
            ],
            "schedule": 1,
            "snapshots_to_keep": 1,
            "ssh_command": "/opt/csw/bin/ssh",
            "ssh_key": "/root/.ssh/default.key",
            "transport": 1,
            "use_max": 90.0,
            "use_warn": 70.0,
            "user": "root"
        },
        "model": "backupz.defaultoption",
        "pk": 1
    },
    {
        "fields": {
            "allowed_days": null,
            "display_name": "Physics",
            "email_from": "Physics IT Help <help@ticket.physics.ucdavis.edu>",
            "email_to": "",
            "enabled": true,
            "expiration_algorithm": 0,
            "file_timestamp": "2016-07-08T17:32:56.984",
            "frequency": null,
            "max_concurrent_jobs": 2,
            "mountpoint": "/physics",
            "over_quota_response": null,
            "owner": null,
            "partial_okay": null,
            "password": "",
            "post_backup_script": null,
            "priority": null,
            "quota": 65970697666560,
            "rsync_options": [],
            "schedule": null,
            "snapshots_to_keep": null,
            "ssh_command": "",
            "ssh_key": "",
            "transport": 1,
            "use_max": null,
            "use_warn": null,
            "user": "",
            "zpool": "descolada/backups/backupz"
        },
        "model": "backupz.area",
        "pk": 3
    },
    {
        "fields": {
            "allowed_days": null,
            "backup_area": 3,
            "email_from": "",
            "email_to": "backups@ticket.physics.ucdavis.edu",
            "enabled": true,
            "expiration_algorithm": 0,
            "file_timestamp": "2016-07-08T17:25:13.263",
            "frequency": null,
            "ip": "169.237.42.75",
            "max_concurrent_jobs": null,
            "name": "phys-solid",
            "over_quota_response": null,
            "owner": 17,
            "partial_okay": null,
            "password": "",
            "post_backup_script": null,
            "priority": null,
            "quota": null,
            "rsync_options": [
                4
            ],
            "schedule": 2,
            "snapshots_to_keep": 2,
            "ssh_command": "",
            "ssh_key": "",
            "transport": null,
            "use_max": null,
            "use_warn": null,
            "user": ""
        },
        "model": "backupz.host",
        "pk": 1
    },
    {
        "fields": {
            "allowed_days": "0,1,2,3,4",
            "backup_area": null,
            "email_from": "",
            "email_to": "",
            "enabled": true,
            "expiration_algorithm": 0,
            "frequency": null,
            "host": 1,
            "max_concurrent_jobs": null,
            "name": "var-spool-mail",
            "over_quota_response": null,
            "owner": 13,
            "partial_okay": null,
            "password": "",
            "path": "/var/spool/mail",
            "post_backup_script": null,
            "priority": null,
            "quota": null,
            "rsync_options": [],
            "schedule": 1,
            "snapshots_to_keep": null,
            "ssh_command": "",
            "ssh_key": "",
            "transport": null,
            "use_max": null,
            "use_warn": null,
            "user": ""
        },
        "model": "backupz.job",
        "pk": 1
    },
    {
        "fields": {
            "allowed_days": null,
            "backup_area": null,
            "email_from": "",
            "email_to": "",
            "enabled": true,
            "expiration_algorithm": 0,
            "frequency": null,
            "host": 1,
            "max_concurrent_jobs": 1,
            "name": "etc",
            "over_quota_response": null,
            "owner": 17,
            "partial_okay": null,
            "password": "",
            "path": "/etc",
            "post_backup_script": null,
            "priority": null,
            "quota": null,
            "rsync_options": [],
            "schedule": 3,
            "snapshots_to_keep": null,
            "ssh_command": "",
            "ssh_key": "",
            "transport": null,
            "use_max": null,
            "use_warn": null,
            "user": ""
        },
        "model": "backupz.job",
        "pk": 2
    },
    {
        "fields": {
            "allowed_days": null,
            "backup_area": null,
            "email_from": "",
            "email_to": "",
            "enabled": true,
            "expiration_algorithm": null,
            "frequency": null,
            "host": 1,
            "max_concurrent_jobs": 1,
            "name": "home",
            "over_quota_response": null,
            "owner": null,
            "partial_okay": null,
            "password": "",
            "path": "/home",
            "post_backup_script": null,
            "priority": 0,
            "quota": null,
            "rsync_options": [],
            "schedule": 3,
            "snapshots_to_keep": null,
            "ssh_command": "",
            "ssh_key": "",
            "transport": null,
            "use_max": null,
            "use_warn": null,
            "user": ""
        },
        "model": "backupz.job",
        "pk": 3
    },
    {
        "fields": {
            "end": "2016-06-24T16:50:53",
            "job": 2,
            "start": "2016-06-21T16:12:37",
            "status": 0
        },
        "model": "backupz.backup",
        "pk": 1
    },
    {
        "fields": {
            "end": "2016-07-07T16:23:36",
            "job": 3,
            "start": "2016-07-07T14:59:01",
            "status": 0
        },
        "model": "backupz.backup",
        "pk": 2
    },
    {
        "fields": {
            "end": "2016-07-07T16:23:25",
            "job": 2,
            "start": "2016-07-07T15:20:30",
            "status": 0
        },
        "model": "backupz.backup",
        "pk": 3
    },
    {
        "fields": {
            "end": null,
            "job": 1,
            "start": "2016-07-08T17:15:23",
            "status": -1
        },
        "model": "backupz.backup",
        "pk": 4
    }
]
